user_id,enabled,name,notes
k1h9cfpo,yes,,
k1h9cfpp,yes,,
k1h9cfpq,yes,,
k1h9cfps,yes,,
k1h9cfpv,yes,,
k1h9cfpw,yes,,
k1h9cfpy,yes,,
k1h9cfq0,yes,,
k1h9cfq2,yes,,
k1h9cfq3,yes,,
k1h9cfq5,yes,,
k1h9cfq7,yes,,
k1h9cfqa,yes,,
k1h9cfqb,yes,,
k1h9cfqc,yes,,
k1h9cfqe,yes,,
k1h9cfqf,yes,,
k1h9cfqg,yes,,
k1h9cfqh,yes,,
k1h9cfqi,yes,,
k1h9cfqj,yes,,
k1h9cfqo,yes,,
k1h9cfqq,yes,,
k1h9cfqs,yes,,
k1h9cfqu,yes,,
k1h9cfqv,yes,,
k1h9cfqw,yes,,
k1h9cfqy,yes,,
k1h9cfr2,yes,,
k1h9cfr3,yes,,
k1h9cfr5,yes,,