comment,link,account,text,edit,status,posted_by,posted_at
comment1,,,,,,,
comment2,,,,,,,
comment3,,,,,,,
comment4,,,,,,,
comment5,,,,,,,
comment6,,,,,,
comment7,,,,,,,
comment8,,,,,,,
comment9,,,,,,,
comment10,,,,,,,
comment11,,,,,,,
comment12,,,,,,,
comment13,,,,,,,
comment14,,,,,,,
comment15,,,,,,,
comment16,,,,,,,
comment17,,,,,,,
comment18,,,,,,,
comment19,,,,,,,
comment20,,,,,,,
comment21,,,,,,,
comment22,,,,,,,
comment23,,,,,,,
comment24,,,,,,,
comment25,,,,,,,
comment26,,,,,,,
comment27,,,,,,,
comment28,,,,,,,
comment29,,,,,,,
comment30,,,,,,,
comment31,,,,,,,
comment32,,,,,,,
comment33,,,,,,,
comment34,,,,,,,
comment35,,,,,,,
comment36,,,,,,,
comment37,,,,,,,
comment38,,,,,,,
comment39,,,,,,,
comment40,,,,,,,
