subreddit,enabled,notes
NoStupidQuestions,yes,
Advice,yes,
AskUK,yes,
AI_Agents,yes,
artificial,yes,
cybersecurity,yes,
LLMDevs,yes,
MachineLearning,yes,
mlops,yes,
netsec,yes,
PromptEngineering,yes,
AskMarketing,yes,
b2bmarketing,yes,
B2BSaaS,yes,
B2BSales,yes,
c,yes,
CFO,yes,
CRMSoftware,yes,
CustomerSuccess,yes,
digital_marketing,yes,
Emailmarketing,yes,
Entrepreneur,yes,
gohighlevel,yes,
hubspot,yes,
MarketingHelp,yes,
micro_saas,yes,
Notion,yes,
AIAssisted,yes,
AiAutomations,yes,
business,yes,
datacenter,yes,
DigitalMarketing,yes,
Entrepreneurs,yes,
GrowthHacking,yes,
marketing,yes,
SaaS,yes,
saasbuild,yes,
SaasDevelopers,yes,
sales,yes,
salestechniques,yes,
startup,yes,
techsales,yes,
SaaSSales,yes,
salesforce,yes,
SalesOperations,yes,
smallbusiness,yes,
startups,yes,
WhichCRM,yes,
Zoho,yes,
CRM,yes,
beginnerfitness,yes,
bodybuilding,yes,
bodyweightfitness,yes,
DecidingToBeBetter,yes,
fitness,yes,
garagegym,yes,
getdisciplined,yes,
GYM,yes,
homegym,yes,
loseit,yes,
personaltraining,yes,
strength_training,yes,
weightlifting,yes,
workout,yes,
xxfitness,yes,
daddit,yes,
mommit,yes,
naturalbodybuilding,yes,
itsm,yes,
msp,yes,
ITCareerQuestions,yes,
microsoft_365_copilot,yes,
IT_MSP,yes,
ITManagers,yes,
ITProfessionals,yes,
MSSP,yes,
sysadmin,yes,
homelab,yes,
AgentsOfAI,yes,
ClaudeAI,yes,
crewai,yes,
LangChain,yes,
LocalLLaMA,yes,
n8n,yes,
AppIdeas,yes,
BootstrappedSaaS,yes,
ExperiencedDevs,yes,
GetStartups,yes,
GithubCopilot,yes,
MVPLaunch,yes,
nocode,yes,
SaaSSolopreneurs,yes,
SideProject,yes,
sideprojects,yes,
softwarearchitecture,yes,
Startup_Ideas,yes,
VibeCodeDevs,yes,
vibecoding,yes,
aisecurity,yes,
asknetsec,yes,
blueteamsec,yes,
ciso,yes,
cto,yes,
devops,yes,
engineeringmanagers,yes,
grc,yes,
Aging,yes,
Biohackers,yes,
decaf,yes,
herbalism,yes,
lifehack,yes,
NootropicsHelp,yes,
GutHealth,yes,
LifeProTips,yes,
MushroomCoffee,yes,
Nightshift,yes,
selfimprovement,yes,
WellnessOver30,yes,
AI_Governance,yes,
AIAgentsInAction,yes,
ClaudeCode,yes,
cloudcomputing,yes,
Cybersecurity101,yes,
Information_Security,yes,
Infosec,yes,
openclaw,yes,
security,yes,
learnmachinelearning,yes,
